[
  {
    "id": "Base",
    "name": "Base",
    "sets": [
      "base1",
      "base2",
      "basep",
      "base3",
      "base4",
      "base5"
    ],
    "total": 494,
    "releaseDate": "1999/01/09",
    "lastCardDate": "2000/04/24",
    "updatedAt": "2024-11-16T05:22:48.097Z",
    "LogoUrl": "/images/series/Base.webp",
    "backupLogoUrl": "https://res.cloudinary.com/danntir5h/image/upload/v1731656021/pokemon/sets/base1.png"
  },
  {
    "id": "Gym",
    "name": "Gym",
    "sets": [
      "gym1",
      "gym2"
    ],
    "total": 264,
    "releaseDate": "2000/08/14",
    "lastCardDate": "2000/10/16",
    "updatedAt": "2024-11-16T05:22:48.098Z",
    "LogoUrl": "/images/series/Gym.webp",
    "backupLogoUrl": "https://res.cloudinary.com/danntir5h/image/upload/v1731656024/pokemon/sets/gym1.png"
  },
  {
    "id": "Neo",
    "name": "Neo",
    "sets": [
      "neo1",
      "neo2",
      "neo3",
      "neo4"
    ],
    "total": 365,
    "releaseDate": "2000/12/16",
    "lastCardDate": "2002/02/28",
    "updatedAt": "2024-11-16T05:22:48.098Z",
    "LogoUrl": "/images/series/Neo.webp",
    "backupLogoUrl": "https://res.cloudinary.com/danntir5h/image/upload/v1731656025/pokemon/sets/neo1.png"
  },
  {
    "id": "Other",
    "name": "Other",
    "sets": [
      "si1",
      "base6",
      "ru1",
      "mcd11",
      "mcd12",
      "mcd16",
      "mcd19",
      "mcd14",
      "mcd15",
      "mcd18",
      "mcd17",
      "mcd21",
      "bp",
      "fut20",
      "mcd22"
    ],
    "total": 294,
    "releaseDate": "2001/07/31",
    "lastCardDate": "2022/08/03",
    "updatedAt": "2024-11-16T05:22:48.098Z",
    "LogoUrl": "/images/series/Other.webp",
    "backupLogoUrl": "https://res.cloudinary.com/danntir5h/image/upload/v1731656026/pokemon/sets/si1.png"
  },
  {
    "id": "E-Card",
    "name": "E-Card",
    "sets": [
      "ecard1",
      "ecard2",
      "ecard3"
    ],
    "total": 529,
    "releaseDate": "2002/09/15",
    "lastCardDate": "2003/05/12",
    "updatedAt": "2024-11-16T05:22:48.098Z",
    "LogoUrl": "/images/series/E-Card.webp",
    "backupLogoUrl": "https://res.cloudinary.com/danntir5h/image/upload/v1731656029/pokemon/sets/ecard1.png"
  },
  {
    "id": "EX",
    "name": "EX",
    "sets": [
      "ex1",
      "ex2",
      "ex3",
      "ex4",
      "ex5",
      "ex6",
      "ex7",
      "ex8",
      "ex9",
      "ex10",
      "ex11",
      "ex12",
      "ex13",
      "ex14",
      "ex15",
      "ex16",
      "tk1a",
      "tk1b",
      "tk2a",
      "tk2b"
    ],
    "total": 1766,
    "releaseDate": "2003/07/01",
    "lastCardDate": "2007/02/02",
    "updatedAt": "2024-11-16T05:22:48.098Z",
    "LogoUrl": "/images/series/EX.webp",
    "backupLogoUrl": "https://res.cloudinary.com/danntir5h/image/upload/v1731656030/pokemon/sets/ex1.png"
  },
  {
    "id": "NP",
    "name": "NP",
    "sets": [
      "np"
    ],
    "total": 40,
    "releaseDate": "2003/10/01",
    "lastCardDate": "2003/10/01",
    "updatedAt": "2024-11-16T05:22:48.098Z",
    "LogoUrl": "/images/series/NP.webp",
    "backupLogoUrl": "https://res.cloudinary.com/danntir5h/image/upload/v1731656032/pokemon/sets/np.png"
  },
  {
    "id": "POP",
    "name": "POP",
    "sets": [
      "pop1",
      "pop2",
      "pop3",
      "pop4",
      "pop5",
      "pop6",
      "pop7",
      "pop8",
      "pop9"
    ],
    "total": 153,
    "releaseDate": "2004/09/01",
    "lastCardDate": "2009/03/01",
    "updatedAt": "2024-11-16T05:22:48.098Z",
    "LogoUrl": "/images/series/POP.webp",
    "backupLogoUrl": "https://res.cloudinary.com/danntir5h/image/upload/v1731656033/pokemon/sets/pop1.png"
  },
  {
    "id": "Diamond-Pearl",
    "name": "Diamond & Pearl",
    "sets": [
      "dp1",
      "dpp",
      "dp2",
      "dp3",
      "dp4",
      "dp5",
      "dp6",
      "dp7"
    ],
    "total": 900,
    "releaseDate": "2007/05/01",
    "lastCardDate": "2008/11/01",
    "updatedAt": "2024-11-16T05:22:48.098Z",
    "LogoUrl": "/images/series/Diamond-Pearl.webp",
    "backupLogoUrl": "https://res.cloudinary.com/danntir5h/image/upload/v1731656041/pokemon/sets/dp1.png"
  },
  {
    "id": "Platinum",
    "name": "Platinum",
    "sets": [
      "pl1",
      "pl2",
      "pl3",
      "pl4"
    ],
    "total": 517,
    "releaseDate": "2009/02/11",
    "lastCardDate": "2009/11/04",
    "updatedAt": "2024-11-16T05:22:48.098Z",
    "LogoUrl": "/images/series/Platinum.webp",
    "backupLogoUrl": "https://res.cloudinary.com/danntir5h/image/upload/v1731656047/pokemon/sets/pl1.png"
  },
  {
    "id": "HeartGold-SoulSilver",
    "name": "HeartGold & SoulSilver",
    "sets": [
      "hgss1",
      "hsp",
      "hgss2",
      "hgss3",
      "hgss4",
      "col1"
    ],
    "total": 545,
    "releaseDate": "2010/02/10",
    "lastCardDate": "2011/02/09",
    "updatedAt": "2024-11-16T05:22:48.098Z",
    "LogoUrl": "/images/series/HeartGold-SoulSilver.webp",
    "backupLogoUrl": "https://res.cloudinary.com/danntir5h/image/upload/v1731656050/pokemon/sets/hgss1.png"
  },
  {
    "id": "Black-White",
    "name": "Black & White",
    "sets": [
      "bwp",
      "bw1",
      "bw2",
      "bw3",
      "bw4",
      "bw5",
      "bw6",
      "dv1",
      "bw7",
      "bw8",
      "bw9",
      "bw10",
      "bw11"
    ],
    "total": 1437,
    "releaseDate": "2011/03/01",
    "lastCardDate": "2013/11/06",
    "updatedAt": "2024-11-16T05:22:48.098Z",
    "LogoUrl": "/images/series/Black-White.webp",
    "backupLogoUrl": "https://res.cloudinary.com/danntir5h/image/upload/v1731656053/pokemon/sets/bwp.png"
  },
  {
    "id": "XY",
    "name": "XY",
    "sets": [
      "xyp",
      "xy0",
      "xy1",
      "xy2",
      "xy3",
      "xy4",
      "xy5",
      "dc1",
      "xy6",
      "xy7",
      "xy8",
      "xy9",
      "g1",
      "xy10",
      "xy11",
      "xy12"
    ],
    "total": 1926,
    "releaseDate": "2013/10/12",
    "lastCardDate": "2016/11/02",
    "updatedAt": "2024-11-16T05:22:48.099Z",
    "LogoUrl": "/images/series/XY.webp",
    "backupLogoUrl": "https://res.cloudinary.com/danntir5h/image/upload/v1731656061/pokemon/sets/xyp.png"
  },
  {
    "id": "Sun-Moon",
    "name": "Sun & Moon",
    "sets": [
      "sm1",
      "smp",
      "sm2",
      "sm3",
      "sm35",
      "sm4",
      "sm5",
      "sm6",
      "sm7",
      "sm75",
      "sm8",
      "sm9",
      "det1",
      "sm10",
      "sm11",
      "sm115",
      "sma",
      "sm12"
    ],
    "total": 2973,
    "releaseDate": "2017/02/03",
    "lastCardDate": "2019/11/01",
    "updatedAt": "2024-11-16T05:22:48.099Z",
    "LogoUrl": "/images/series/Sun-Moon.webp",
    "backupLogoUrl": "https://res.cloudinary.com/danntir5h/image/upload/v1731656070/pokemon/sets/sm1.png"
  },
  {
    "id": "Sword-Shield",
    "name": "Sword & Shield",
    "sets": [
      "swshp",
      "swsh1",
      "swsh2",
      "swsh3",
      "swsh35",
      "swsh4",
      "swsh45",
      "swsh45sv",
      "swsh5",
      "swsh6",
      "swsh7",
      "cel25",
      "cel25c",
      "swsh8",
      "swsh9",
      "swsh9tg",
      "swsh10",
      "swsh10tg",
      "pgo",
      "swsh11",
      "swsh11tg",
      "swsh12",
      "swsh12tg",
      "swsh12pt5",
      "swsh12pt5gg"
    ],
    "total": 3667,
    "releaseDate": "2019/11/15",
    "lastCardDate": "2023/01/20",
    "updatedAt": "2024-11-16T05:22:48.099Z",
    "LogoUrl": "/images/series/Sword-Shield.webp",
    "backupLogoUrl": "https://res.cloudinary.com/danntir5h/image/upload/v1731656080/pokemon/sets/swshp.png"
  },
  {
    "id": "Scarlet-Violet",
    "name": "Scarlet & Violet",
    "sets": [
      "sv1",
      "svp",
      "sv2",
      "sve",
      "sv3",
      "sv3pt5",
      "sv4",
      "sv4pt5",
      "sv5",
      "sv6",
      "sv6pt5",
      "sv7",
      "sv8"
    ],
    "total": 2636,
    "releaseDate": "2023/01/01",
    "lastCardDate": "2024/11/08",
    "updatedAt": "2024-11-16T05:22:48.099Z",
    "LogoUrl": "/images/series/Scarlet-Violet.webp",
    "backupLogoUrl": "https://res.cloudinary.com/danntir5h/image/upload/v1731656100/pokemon/sets/sv1.png"
  }
]