[
  {
    "id": "base1",
    "name": "Base",
    "series": "Base",
    "total": 102,
    "ptcgoCode": "BS",
    "releaseDate": "1999/01/09",
    "updatedAt": "2022/10/10 15:12:00",
    "LogoUrl": "/images/sets/logo/base1.webp",
    "backupLogoUrl": "https://res.cloudinary.com/danntir5h/image/upload/v1731746501/sets/base1.png"
  },
  {
    "id": "base2",
    "name": "Jungle",
    "series": "Base",
    "total": 64,
    "ptcgoCode": "JU",
    "releaseDate": "1999/06/16",
    "updatedAt": "2020/08/14 09:35:00",
    "LogoUrl": "/images/sets/logo/base2.webp",
    "backupLogoUrl": "https://res.cloudinary.com/danntir5h/image/upload/v1731746501/sets/base2.png"
  },
  {
    "id": "basep",
    "name": "Wizards Black Star Promos",
    "series": "Base",
    "total": 53,
    "ptcgoCode": "PR",
    "releaseDate": "1999/07/01",
    "updatedAt": "2020/08/14 09:35:00",
    "LogoUrl": "/images/sets/logo/basep.webp",
    "backupLogoUrl": "https://res.cloudinary.com/danntir5h/image/upload/v1731746502/sets/basep.png"
  },
  {
    "id": "base3",
    "name": "Fossil",
    "series": "Base",
    "total": 62,
    "ptcgoCode": "FO",
    "releaseDate": "1999/10/10",
    "updatedAt": "2020/08/14 09:35:00",
    "LogoUrl": "/images/sets/logo/base3.webp",
    "backupLogoUrl": "https://res.cloudinary.com/danntir5h/image/upload/v1731746503/sets/base3.png"
  },
  {
    "id": "base4",
    "name": "Base Set 2",
    "series": "Base",
    "total": 130,
    "ptcgoCode": "B2",
    "releaseDate": "2000/02/24",
    "updatedAt": "2022/10/10 15:12:00",
    "LogoUrl": "/images/sets/logo/base4.webp",
    "backupLogoUrl": "https://res.cloudinary.com/danntir5h/image/upload/v1731746503/sets/base4.png"
  },
  {
    "id": "base5",
    "name": "Team Rocket",
    "series": "Base",
    "total": 83,
    "ptcgoCode": "TR",
    "releaseDate": "2000/04/24",
    "updatedAt": "2020/08/14 09:35:00",
    "LogoUrl": "/images/sets/logo/base5.webp",
    "backupLogoUrl": "https://res.cloudinary.com/danntir5h/image/upload/v1731746504/sets/base5.png"
  },
  {
    "id": "gym1",
    "name": "Gym Heroes",
    "series": "Gym",
    "total": 132,
    "ptcgoCode": "G1",
    "releaseDate": "2000/08/14",
    "updatedAt": "2022/10/10 15:12:00",
    "LogoUrl": "/images/sets/logo/gym1.webp",
    "backupLogoUrl": "https://res.cloudinary.com/danntir5h/image/upload/v1731746504/sets/gym1.png"
  },
  {
    "id": "gym2",
    "name": "Gym Challenge",
    "series": "Gym",
    "total": 132,
    "ptcgoCode": "G2",
    "releaseDate": "2000/10/16",
    "updatedAt": "2022/10/10 15:12:00",
    "LogoUrl": "/images/sets/logo/gym2.webp",
    "backupLogoUrl": "https://res.cloudinary.com/danntir5h/image/upload/v1731746504/sets/gym2.png"
  },
  {
    "id": "neo1",
    "name": "Neo Genesis",
    "series": "Neo",
    "total": 111,
    "ptcgoCode": "N1",
    "releaseDate": "2000/12/16",
    "updatedAt": "2022/10/10 15:12:00",
    "LogoUrl": "/images/sets/logo/neo1.webp",
    "backupLogoUrl": "https://res.cloudinary.com/danntir5h/image/upload/v1731746505/sets/neo1.png"
  },
  {
    "id": "neo2",
    "name": "Neo Discovery",
    "series": "Neo",
    "total": 75,
    "ptcgoCode": "N2",
    "releaseDate": "2001/06/01",
    "updatedAt": "2020/08/14 09:35:00",
    "LogoUrl": "/images/sets/logo/neo2.webp",
    "backupLogoUrl": "https://res.cloudinary.com/danntir5h/image/upload/v1731746506/sets/neo2.png"
  },
  {
    "id": "si1",
    "name": "Southern Islands",
    "series": "Other",
    "total": 18,
    "ptcgoCode": null,
    "releaseDate": "2001/07/31",
    "updatedAt": "2019/01/28 16:44:00",
    "LogoUrl": "/images/sets/logo/si1.webp",
    "backupLogoUrl": "https://res.cloudinary.com/danntir5h/image/upload/v1731746506/sets/si1.png"
  },
  {
    "id": "neo3",
    "name": "Neo Revelation",
    "series": "Neo",
    "total": 66,
    "ptcgoCode": "N3",
    "releaseDate": "2001/09/21",
    "updatedAt": "2020/08/14 09:35:00",
    "LogoUrl": "/images/sets/logo/neo3.webp",
    "backupLogoUrl": "https://res.cloudinary.com/danntir5h/image/upload/v1731746507/sets/neo3.png"
  },
  {
    "id": "neo4",
    "name": "Neo Destiny",
    "series": "Neo",
    "total": 113,
    "ptcgoCode": "N4",
    "releaseDate": "2002/02/28",
    "updatedAt": "2020/09/25 10:09:00",
    "LogoUrl": "/images/sets/logo/neo4.webp",
    "backupLogoUrl": "https://res.cloudinary.com/danntir5h/image/upload/v1731746507/sets/neo4.png"
  },
  {
    "id": "base6",
    "name": "Legendary Collection",
    "series": "Other",
    "total": 110,
    "ptcgoCode": "LC",
    "releaseDate": "2002/05/24",
    "updatedAt": "2020/08/14 09:35:00",
    "LogoUrl": "/images/sets/logo/base6.webp",
    "backupLogoUrl": "https://res.cloudinary.com/danntir5h/image/upload/v1731746508/sets/base6.png"
  },
  {
    "id": "ecard1",
    "name": "Expedition Base Set",
    "series": "E-Card",
    "total": 165,
    "ptcgoCode": "EX",
    "releaseDate": "2002/09/15",
    "updatedAt": "2022/10/10 15:12:00",
    "LogoUrl": "/images/sets/logo/ecard1.webp",
    "backupLogoUrl": "https://res.cloudinary.com/danntir5h/image/upload/v1731746508/sets/ecard1.png"
  },
  {
    "id": "ecard2",
    "name": "Aquapolis",
    "series": "E-Card",
    "total": 182,
    "ptcgoCode": "AQ",
    "releaseDate": "2003/01/15",
    "updatedAt": "2020/08/14 09:35:00",
    "LogoUrl": "/images/sets/logo/ecard2.webp",
    "backupLogoUrl": "https://res.cloudinary.com/danntir5h/image/upload/v1731746509/sets/ecard2.png"
  },
  {
    "id": "ecard3",
    "name": "Skyridge",
    "series": "E-Card",
    "total": 182,
    "ptcgoCode": "SK",
    "releaseDate": "2003/05/12",
    "updatedAt": "2020/08/14 09:35:00",
    "LogoUrl": "/images/sets/logo/ecard3.webp",
    "backupLogoUrl": "https://res.cloudinary.com/danntir5h/image/upload/v1731746509/sets/ecard3.png"
  },
  {
    "id": "ex1",
    "name": "Ruby & Sapphire",
    "series": "EX",
    "total": 109,
    "ptcgoCode": "RS",
    "releaseDate": "2003/07/01",
    "updatedAt": "2018/03/04 10:35:00",
    "LogoUrl": "/images/sets/logo/ex1.webp",
    "backupLogoUrl": "https://res.cloudinary.com/danntir5h/image/upload/v1731746510/sets/ex1.png"
  },
  {
    "id": "ex2",
    "name": "Sandstorm",
    "series": "EX",
    "total": 100,
    "ptcgoCode": "SS",
    "releaseDate": "2003/09/18",
    "updatedAt": "2018/03/04 10:35:00",
    "LogoUrl": "/images/sets/logo/ex2.webp",
    "backupLogoUrl": "https://res.cloudinary.com/danntir5h/image/upload/v1731746510/sets/ex2.png"
  },
  {
    "id": "ex3",
    "name": "Dragon",
    "series": "EX",
    "total": 100,
    "ptcgoCode": "DR",
    "releaseDate": "2003/11/24",
    "updatedAt": "2023/02/16 05:47:00",
    "LogoUrl": "/images/sets/logo/ex3.webp",
    "backupLogoUrl": "https://res.cloudinary.com/danntir5h/image/upload/v1731746511/sets/ex3.png"
  },
  {
    "id": "np",
    "name": "Nintendo Black Star Promos",
    "series": "NP",
    "total": 40,
    "ptcgoCode": "PR-NP",
    "releaseDate": "2003/10/01",
    "updatedAt": "2020/05/01 16:06:00",
    "LogoUrl": "/images/sets/logo/np.webp",
    "backupLogoUrl": "https://res.cloudinary.com/danntir5h/image/upload/v1731746511/sets/np.png"
  },
  {
    "id": "ex4",
    "name": "Team Magma vs Team Aqua",
    "series": "EX",
    "total": 97,
    "ptcgoCode": "MA",
    "releaseDate": "2004/03/01",
    "updatedAt": "2019/01/28 16:44:00",
    "LogoUrl": "/images/sets/logo/ex4.webp",
    "backupLogoUrl": "https://res.cloudinary.com/danntir5h/image/upload/v1731746512/sets/ex4.png"
  },
  {
    "id": "ex5",
    "name": "Hidden Legends",
    "series": "EX",
    "total": 102,
    "ptcgoCode": "HL",
    "releaseDate": "2004/06/01",
    "updatedAt": "2019/01/28 16:44:00",
    "LogoUrl": "/images/sets/logo/ex5.webp",
    "backupLogoUrl": "https://res.cloudinary.com/danntir5h/image/upload/v1731746512/sets/ex5.png"
  },
  {
    "id": "ex6",
    "name": "FireRed & LeafGreen",
    "series": "EX",
    "total": 116,
    "ptcgoCode": "RG",
    "releaseDate": "2004/09/01",
    "updatedAt": "2019/01/28 16:44:00",
    "LogoUrl": "/images/sets/logo/ex6.webp",
    "backupLogoUrl": "https://res.cloudinary.com/danntir5h/image/upload/v1731746513/sets/ex6.png"
  },
  {
    "id": "pop1",
    "name": "POP Series 1",
    "series": "POP",
    "total": 17,
    "ptcgoCode": null,
    "releaseDate": "2004/09/01",
    "updatedAt": "2018/03/04 10:35:00",
    "LogoUrl": "/images/sets/logo/pop1.webp",
    "backupLogoUrl": "https://res.cloudinary.com/danntir5h/image/upload/v1731746513/sets/pop1.png"
  },
  {
    "id": "ex7",
    "name": "Team Rocket Returns",
    "series": "EX",
    "total": 111,
    "ptcgoCode": "TRR",
    "releaseDate": "2004/11/01",
    "updatedAt": "2019/01/28 16:44:00",
    "LogoUrl": "/images/sets/logo/ex7.webp",
    "backupLogoUrl": "https://res.cloudinary.com/danntir5h/image/upload/v1731746514/sets/ex7.png"
  },
  {
    "id": "ex8",
    "name": "Deoxys",
    "series": "EX",
    "total": 108,
    "ptcgoCode": "DX",
    "releaseDate": "2005/02/01",
    "updatedAt": "2019/01/28 16:44:00",
    "LogoUrl": "/images/sets/logo/ex8.webp",
    "backupLogoUrl": "https://res.cloudinary.com/danntir5h/image/upload/v1731746514/sets/ex8.png"
  },
  {
    "id": "ex9",
    "name": "Emerald",
    "series": "EX",
    "total": 107,
    "ptcgoCode": "EM",
    "releaseDate": "2005/05/01",
    "updatedAt": "2020/02/08 09:00:00",
    "LogoUrl": "/images/sets/logo/ex9.webp",
    "backupLogoUrl": "https://res.cloudinary.com/danntir5h/image/upload/v1731746515/sets/ex9.png"
  },
  {
    "id": "ex10",
    "name": "Unseen Forces",
    "series": "EX",
    "total": 145,
    "ptcgoCode": "UF",
    "releaseDate": "2005/08/01",
    "updatedAt": "2020/08/14 09:35:00",
    "LogoUrl": "/images/sets/logo/ex10.webp",
    "backupLogoUrl": "https://res.cloudinary.com/danntir5h/image/upload/v1731746515/sets/ex10.png"
  },
  {
    "id": "pop2",
    "name": "POP Series 2",
    "series": "POP",
    "total": 17,
    "ptcgoCode": null,
    "releaseDate": "2005/08/01",
    "updatedAt": "2018/03/04 10:35:00",
    "LogoUrl": "/images/sets/logo/pop2.webp",
    "backupLogoUrl": "https://res.cloudinary.com/danntir5h/image/upload/v1731746516/sets/pop2.png"
  },
  {
    "id": "ex11",
    "name": "Delta Species",
    "series": "EX",
    "total": 114,
    "ptcgoCode": "DS",
    "releaseDate": "2005/10/31",
    "updatedAt": "2020/05/01 16:06:00",
    "LogoUrl": "/images/sets/logo/ex11.webp",
    "backupLogoUrl": "https://res.cloudinary.com/danntir5h/image/upload/v1731746516/sets/ex11.png"
  },
  {
    "id": "ex12",
    "name": "Legend Maker",
    "series": "EX",
    "total": 93,
    "ptcgoCode": "LM",
    "releaseDate": "2006/02/01",
    "updatedAt": "2018/03/04 10:35:00",
    "LogoUrl": "/images/sets/logo/ex12.webp",
    "backupLogoUrl": "https://res.cloudinary.com/danntir5h/image/upload/v1731746517/sets/ex12.png"
  },
  {
    "id": "pop3",
    "name": "POP Series 3",
    "series": "POP",
    "total": 17,
    "ptcgoCode": null,
    "releaseDate": "2006/04/01",
    "updatedAt": "2020/08/14 09:35:00",
    "LogoUrl": "/images/sets/logo/pop3.webp",
    "backupLogoUrl": "https://res.cloudinary.com/danntir5h/image/upload/v1731746517/sets/pop3.png"
  },
  {
    "id": "ex13",
    "name": "Holon Phantoms",
    "series": "EX",
    "total": 111,
    "ptcgoCode": "HP",
    "releaseDate": "2006/05/01",
    "updatedAt": "2018/03/04 10:35:00",
    "LogoUrl": "/images/sets/logo/ex13.webp",
    "backupLogoUrl": "https://res.cloudinary.com/danntir5h/image/upload/v1731746517/sets/ex13.png"
  },
  {
    "id": "ex14",
    "name": "Crystal Guardians",
    "series": "EX",
    "total": 100,
    "ptcgoCode": "CG",
    "releaseDate": "2006/08/01",
    "updatedAt": "2018/03/04 10:35:00",
    "LogoUrl": "/images/sets/logo/ex14.webp",
    "backupLogoUrl": "https://res.cloudinary.com/danntir5h/image/upload/v1731746518/sets/ex14.png"
  },
  {
    "id": "pop4",
    "name": "POP Series 4",
    "series": "POP",
    "total": 17,
    "ptcgoCode": null,
    "releaseDate": "2006/08/01",
    "updatedAt": "2020/08/14 09:35:00",
    "LogoUrl": "/images/sets/logo/pop4.webp",
    "backupLogoUrl": "https://res.cloudinary.com/danntir5h/image/upload/v1731746518/sets/pop4.png"
  },
  {
    "id": "ex15",
    "name": "Dragon Frontiers",
    "series": "EX",
    "total": 101,
    "ptcgoCode": "DF",
    "releaseDate": "2006/11/01",
    "updatedAt": "2020/08/14 09:35:00",
    "LogoUrl": "/images/sets/logo/ex15.webp",
    "backupLogoUrl": "https://res.cloudinary.com/danntir5h/image/upload/v1731746519/sets/ex15.png"
  },
  {
    "id": "pop5",
    "name": "POP Series 5",
    "series": "POP",
    "total": 17,
    "ptcgoCode": null,
    "releaseDate": "2007/03/01",
    "updatedAt": "2020/08/14 09:35:00",
    "LogoUrl": "/images/sets/logo/pop5.webp",
    "backupLogoUrl": "https://res.cloudinary.com/danntir5h/image/upload/v1731746520/sets/pop5.png"
  },
  {
    "id": "ex16",
    "name": "Power Keepers",
    "series": "EX",
    "total": 108,
    "ptcgoCode": "PK",
    "releaseDate": "2007/02/02",
    "updatedAt": "2018/03/04 10:35:00",
    "LogoUrl": "/images/sets/logo/ex16.webp",
    "backupLogoUrl": "https://res.cloudinary.com/danntir5h/image/upload/v1731746520/sets/ex16.png"
  },
  {
    "id": "dp1",
    "name": "Diamond & Pearl",
    "series": "Diamond & Pearl",
    "total": 130,
    "ptcgoCode": "DP",
    "releaseDate": "2007/05/01",
    "updatedAt": "2020/08/14 09:35:00",
    "LogoUrl": "/images/sets/logo/dp1.webp",
    "backupLogoUrl": "https://res.cloudinary.com/danntir5h/image/upload/v1731746521/sets/dp1.png"
  },
  {
    "id": "dpp",
    "name": "DP Black Star Promos",
    "series": "Diamond & Pearl",
    "total": 56,
    "ptcgoCode": "PR-DPP",
    "releaseDate": "2007/05/01",
    "updatedAt": "2020/08/14 09:35:00",
    "LogoUrl": "/images/sets/logo/dpp.webp",
    "backupLogoUrl": "https://res.cloudinary.com/danntir5h/image/upload/v1731746521/sets/dpp.png"
  },
  {
    "id": "dp2",
    "name": "Mysterious Treasures",
    "series": "Diamond & Pearl",
    "total": 124,
    "ptcgoCode": "MT",
    "releaseDate": "2007/08/01",
    "updatedAt": "2018/03/04 10:35:00",
    "LogoUrl": "/images/sets/logo/dp2.webp",
    "backupLogoUrl": "https://res.cloudinary.com/danntir5h/image/upload/v1731746522/sets/dp2.png"
  },
  {
    "id": "pop6",
    "name": "POP Series 6",
    "series": "POP",
    "total": 17,
    "ptcgoCode": null,
    "releaseDate": "2007/09/01",
    "updatedAt": "2020/05/01 16:06:00",
    "LogoUrl": "/images/sets/logo/pop6.webp",
    "backupLogoUrl": "https://res.cloudinary.com/danntir5h/image/upload/v1731746522/sets/pop6.png"
  },
  {
    "id": "dp3",
    "name": "Secret Wonders",
    "series": "Diamond & Pearl",
    "total": 132,
    "ptcgoCode": "SW",
    "releaseDate": "2007/11/01",
    "updatedAt": "2018/03/04 10:35:00",
    "LogoUrl": "/images/sets/logo/dp3.webp",
    "backupLogoUrl": "https://res.cloudinary.com/danntir5h/image/upload/v1731746523/sets/dp3.png"
  },
  {
    "id": "dp4",
    "name": "Great Encounters",
    "series": "Diamond & Pearl",
    "total": 106,
    "ptcgoCode": "GE",
    "releaseDate": "2008/02/01",
    "updatedAt": "2018/03/04 10:35:00",
    "LogoUrl": "/images/sets/logo/dp4.webp",
    "backupLogoUrl": "https://res.cloudinary.com/danntir5h/image/upload/v1731746523/sets/dp4.png"
  },
  {
    "id": "pop7",
    "name": "POP Series 7",
    "series": "POP",
    "total": 17,
    "ptcgoCode": null,
    "releaseDate": "2008/03/01",
    "updatedAt": "2018/03/04 10:35:00",
    "LogoUrl": "/images/sets/logo/pop7.webp",
    "backupLogoUrl": "https://res.cloudinary.com/danntir5h/image/upload/v1731746524/sets/pop7.png"
  },
  {
    "id": "dp5",
    "name": "Majestic Dawn",
    "series": "Diamond & Pearl",
    "total": 100,
    "ptcgoCode": "MD",
    "releaseDate": "2008/05/01",
    "updatedAt": "2018/03/04 10:35:00",
    "LogoUrl": "/images/sets/logo/dp5.webp",
    "backupLogoUrl": "https://res.cloudinary.com/danntir5h/image/upload/v1731746524/sets/dp5.png"
  },
  {
    "id": "dp6",
    "name": "Legends Awakened",
    "series": "Diamond & Pearl",
    "total": 146,
    "ptcgoCode": "LA",
    "releaseDate": "2008/08/01",
    "updatedAt": "2018/03/04 10:35:00",
    "LogoUrl": "/images/sets/logo/dp6.webp",
    "backupLogoUrl": "https://res.cloudinary.com/danntir5h/image/upload/v1731746525/sets/dp6.png"
  },
  {
    "id": "pop8",
    "name": "POP Series 8",
    "series": "POP",
    "total": 17,
    "ptcgoCode": null,
    "releaseDate": "2008/09/01",
    "updatedAt": "2018/03/04 10:35:00",
    "LogoUrl": "/images/sets/logo/pop8.webp",
    "backupLogoUrl": "https://res.cloudinary.com/danntir5h/image/upload/v1731746525/sets/pop8.png"
  },
  {
    "id": "dp7",
    "name": "Stormfront",
    "series": "Diamond & Pearl",
    "total": 106,
    "ptcgoCode": "SF",
    "releaseDate": "2008/11/01",
    "updatedAt": "2020/05/01 16:06:00",
    "LogoUrl": "/images/sets/logo/dp7.webp",
    "backupLogoUrl": "https://res.cloudinary.com/danntir5h/image/upload/v1731746526/sets/dp7.png"
  },
  {
    "id": "pl1",
    "name": "Platinum",
    "series": "Platinum",
    "total": 133,
    "ptcgoCode": "PL",
    "releaseDate": "2009/02/11",
    "updatedAt": "2020/08/14 09:35:00",
    "LogoUrl": "/images/sets/logo/pl1.webp",
    "backupLogoUrl": "https://res.cloudinary.com/danntir5h/image/upload/v1731746527/sets/pl1.png"
  },
  {
    "id": "pop9",
    "name": "POP Series 9",
    "series": "POP",
    "total": 17,
    "ptcgoCode": null,
    "releaseDate": "2009/03/01",
    "updatedAt": "2020/05/01 16:06:00",
    "LogoUrl": "/images/sets/logo/pop9.webp",
    "backupLogoUrl": "https://res.cloudinary.com/danntir5h/image/upload/v1731746527/sets/pop9.png"
  },
  {
    "id": "pl2",
    "name": "Rising Rivals",
    "series": "Platinum",
    "total": 120,
    "ptcgoCode": "RR",
    "releaseDate": "2009/05/16",
    "updatedAt": "2020/08/14 09:35:00",
    "LogoUrl": "/images/sets/logo/pl2.webp",
    "backupLogoUrl": "https://res.cloudinary.com/danntir5h/image/upload/v1731746528/sets/pl2.png"
  },
  {
    "id": "pl3",
    "name": "Supreme Victors",
    "series": "Platinum",
    "total": 153,
    "ptcgoCode": "SV",
    "releaseDate": "2009/08/19",
    "updatedAt": "2018/03/07 22:40:00",
    "LogoUrl": "/images/sets/logo/pl3.webp",
    "backupLogoUrl": "https://res.cloudinary.com/danntir5h/image/upload/v1731746528/sets/pl3.png"
  },
  {
    "id": "pl4",
    "name": "Arceus",
    "series": "Platinum",
    "total": 111,
    "ptcgoCode": "AR",
    "releaseDate": "2009/11/04",
    "updatedAt": "2021/07/15 11:30:00",
    "LogoUrl": "/images/sets/logo/pl4.webp",
    "backupLogoUrl": "https://res.cloudinary.com/danntir5h/image/upload/v1731746529/sets/pl4.png"
  },
  {
    "id": "ru1",
    "name": "Pokémon Rumble",
    "series": "Other",
    "total": 16,
    "ptcgoCode": null,
    "releaseDate": "2009/12/02",
    "updatedAt": "2019/01/28 16:44:00",
    "LogoUrl": "/images/sets/logo/ru1.webp",
    "backupLogoUrl": "https://res.cloudinary.com/danntir5h/image/upload/v1731746530/sets/ru1.png"
  },
  {
    "id": "hgss1",
    "name": "HeartGold & SoulSilver",
    "series": "HeartGold & SoulSilver",
    "total": 124,
    "ptcgoCode": "HS",
    "releaseDate": "2010/02/10",
    "updatedAt": "2018/03/04 10:35:00",
    "LogoUrl": "/images/sets/logo/hgss1.webp",
    "backupLogoUrl": "https://res.cloudinary.com/danntir5h/image/upload/v1731746531/sets/hgss1.png"
  },
  {
    "id": "hsp",
    "name": "HGSS Black Star Promos",
    "series": "HeartGold & SoulSilver",
    "total": 25,
    "ptcgoCode": "PR-HS",
    "releaseDate": "2010/02/10",
    "updatedAt": "2019/01/28 16:44:00",
    "LogoUrl": "/images/sets/logo/hsp.webp",
    "backupLogoUrl": "https://res.cloudinary.com/danntir5h/image/upload/v1731746531/sets/hsp.png"
  },
  {
    "id": "hgss2",
    "name": "HS—Unleashed",
    "series": "HeartGold & SoulSilver",
    "total": 96,
    "ptcgoCode": "UL",
    "releaseDate": "2010/05/12",
    "updatedAt": "2018/03/04 10:35:00",
    "LogoUrl": "/images/sets/logo/hgss2.webp",
    "backupLogoUrl": "https://res.cloudinary.com/danntir5h/image/upload/v1731746532/sets/hgss2.png"
  },
  {
    "id": "hgss3",
    "name": "HS—Undaunted",
    "series": "HeartGold & SoulSilver",
    "total": 91,
    "ptcgoCode": "UD",
    "releaseDate": "2010/08/18",
    "updatedAt": "2018/03/04 10:35:00",
    "LogoUrl": "/images/sets/logo/hgss3.webp",
    "backupLogoUrl": "https://res.cloudinary.com/danntir5h/image/upload/v1731746532/sets/hgss3.png"
  },
  {
    "id": "hgss4",
    "name": "HS—Triumphant",
    "series": "HeartGold & SoulSilver",
    "total": 103,
    "ptcgoCode": "TM",
    "releaseDate": "2010/11/03",
    "updatedAt": "2018/03/04 10:35:00",
    "LogoUrl": "/images/sets/logo/hgss4.webp",
    "backupLogoUrl": "https://res.cloudinary.com/danntir5h/image/upload/v1731746533/sets/hgss4.png"
  },
  {
    "id": "col1",
    "name": "Call of Legends",
    "series": "HeartGold & SoulSilver",
    "total": 106,
    "ptcgoCode": "CL",
    "releaseDate": "2011/02/09",
    "updatedAt": "2018/03/04 10:35:00",
    "LogoUrl": "/images/sets/logo/col1.webp",
    "backupLogoUrl": "https://res.cloudinary.com/danntir5h/image/upload/v1731746533/sets/col1.png"
  },
  {
    "id": "bwp",
    "name": "BW Black Star Promos",
    "series": "Black & White",
    "total": 101,
    "ptcgoCode": "PR-BLW",
    "releaseDate": "2011/03/01",
    "updatedAt": "2020/08/14 09:35:00",
    "LogoUrl": "/images/sets/logo/bwp.webp",
    "backupLogoUrl": "https://res.cloudinary.com/danntir5h/image/upload/v1731746534/sets/bwp.png"
  },
  {
    "id": "bw1",
    "name": "Black & White",
    "series": "Black & White",
    "total": 115,
    "ptcgoCode": "BLW",
    "releaseDate": "2011/04/25",
    "updatedAt": "2018/11/29 19:56:00",
    "LogoUrl": "/images/sets/logo/bw1.webp",
    "backupLogoUrl": "https://res.cloudinary.com/danntir5h/image/upload/v1731746534/sets/bw1.png"
  },
  {
    "id": "mcd11",
    "name": "McDonald's Collection 2011",
    "series": "Other",
    "total": 12,
    "ptcgoCode": null,
    "releaseDate": "2011/06/17",
    "updatedAt": "2022/10/10 15:12:00",
    "LogoUrl": "/images/sets/logo/mcd11.webp",
    "backupLogoUrl": "https://res.cloudinary.com/danntir5h/image/upload/v1731746535/sets/mcd11.png"
  },
  {
    "id": "bw2",
    "name": "Emerging Powers",
    "series": "Black & White",
    "total": 98,
    "ptcgoCode": "EPO",
    "releaseDate": "2011/08/31",
    "updatedAt": "2018/03/04 10:35:00",
    "LogoUrl": "/images/sets/logo/bw2.webp",
    "backupLogoUrl": "https://res.cloudinary.com/danntir5h/image/upload/v1731746535/sets/bw2.png"
  },
  {
    "id": "bw3",
    "name": "Noble Victories",
    "series": "Black & White",
    "total": 102,
    "ptcgoCode": "NVI",
    "releaseDate": "2011/11/16",
    "updatedAt": "2018/03/04 10:35:00",
    "LogoUrl": "/images/sets/logo/bw3.webp",
    "backupLogoUrl": "https://res.cloudinary.com/danntir5h/image/upload/v1731746536/sets/bw3.png"
  },
  {
    "id": "bw4",
    "name": "Next Destinies",
    "series": "Black & White",
    "total": 103,
    "ptcgoCode": "NXD",
    "releaseDate": "2012/02/08",
    "updatedAt": "2019/01/28 16:44:00",
    "LogoUrl": "/images/sets/logo/bw4.webp",
    "backupLogoUrl": "https://res.cloudinary.com/danntir5h/image/upload/v1731746537/sets/bw4.png"
  },
  {
    "id": "bw5",
    "name": "Dark Explorers",
    "series": "Black & White",
    "total": 111,
    "ptcgoCode": "DEX",
    "releaseDate": "2012/05/09",
    "updatedAt": "2018/03/04 10:35:00",
    "LogoUrl": "/images/sets/logo/bw5.webp",
    "backupLogoUrl": "https://res.cloudinary.com/danntir5h/image/upload/v1731746538/sets/bw5.png"
  },
  {
    "id": "mcd12",
    "name": "McDonald's Collection 2012",
    "series": "Other",
    "total": 12,
    "ptcgoCode": null,
    "releaseDate": "2012/06/15",
    "updatedAt": "2022/10/10 15:12:00",
    "LogoUrl": "/images/sets/logo/mcd12.webp",
    "backupLogoUrl": "https://res.cloudinary.com/danntir5h/image/upload/v1731746538/sets/mcd12.png"
  },
  {
    "id": "bw6",
    "name": "Dragons Exalted",
    "series": "Black & White",
    "total": 128,
    "ptcgoCode": "DRX",
    "releaseDate": "2012/08/15",
    "updatedAt": "2018/03/04 10:35:00",
    "LogoUrl": "/images/sets/logo/bw6.webp",
    "backupLogoUrl": "https://res.cloudinary.com/danntir5h/image/upload/v1731746539/sets/bw6.png"
  },
  {
    "id": "dv1",
    "name": "Dragon Vault",
    "series": "Black & White",
    "total": 21,
    "ptcgoCode": "DRV",
    "releaseDate": "2012/10/05",
    "updatedAt": "2019/01/28 16:44:00",
    "LogoUrl": "/images/sets/logo/dv1.webp",
    "backupLogoUrl": "https://res.cloudinary.com/danntir5h/image/upload/v1731746539/sets/dv1.png"
  },
  {
    "id": "bw7",
    "name": "Boundaries Crossed",
    "series": "Black & White",
    "total": 153,
    "ptcgoCode": "BCR",
    "releaseDate": "2012/11/07",
    "updatedAt": "2018/03/04 10:35:00",
    "LogoUrl": "/images/sets/logo/bw7.webp",
    "backupLogoUrl": "https://res.cloudinary.com/danntir5h/image/upload/v1731746539/sets/bw7.png"
  },
  {
    "id": "bw8",
    "name": "Plasma Storm",
    "series": "Black & White",
    "total": 138,
    "ptcgoCode": "PLS",
    "releaseDate": "2013/02/06",
    "updatedAt": "2020/08/14 09:35:00",
    "LogoUrl": "/images/sets/logo/bw8.webp",
    "backupLogoUrl": "https://res.cloudinary.com/danntir5h/image/upload/v1731746540/sets/bw8.png"
  },
  {
    "id": "bw9",
    "name": "Plasma Freeze",
    "series": "Black & White",
    "total": 122,
    "ptcgoCode": "PLF",
    "releaseDate": "2013/05/08",
    "updatedAt": "2018/03/04 10:35:00",
    "LogoUrl": "/images/sets/logo/bw9.webp",
    "backupLogoUrl": "https://res.cloudinary.com/danntir5h/image/upload/v1731746541/sets/bw9.png"
  },
  {
    "id": "bw10",
    "name": "Plasma Blast",
    "series": "Black & White",
    "total": 105,
    "ptcgoCode": "PLB",
    "releaseDate": "2013/08/14",
    "updatedAt": "2018/03/04 10:35:00",
    "LogoUrl": "/images/sets/logo/bw10.webp",
    "backupLogoUrl": "https://res.cloudinary.com/danntir5h/image/upload/v1731746542/sets/bw10.png"
  },
  {
    "id": "xyp",
    "name": "XY Black Star Promos",
    "series": "XY",
    "total": 216,
    "ptcgoCode": "PR-XY",
    "releaseDate": "2013/10/12",
    "updatedAt": "2020/08/14 09:35:00",
    "LogoUrl": "/images/sets/logo/xyp.webp",
    "backupLogoUrl": "https://res.cloudinary.com/danntir5h/image/upload/v1731746542/sets/xyp.png"
  },
  {
    "id": "bw11",
    "name": "Legendary Treasures",
    "series": "Black & White",
    "total": 140,
    "ptcgoCode": "LTR",
    "releaseDate": "2013/11/06",
    "updatedAt": "2018/03/04 10:35:00",
    "LogoUrl": "/images/sets/logo/bw11.webp",
    "backupLogoUrl": "https://res.cloudinary.com/danntir5h/image/upload/v1731746543/sets/bw11.png"
  },
  {
    "id": "xy0",
    "name": "Kalos Starter Set",
    "series": "XY",
    "total": 39,
    "ptcgoCode": "KSS",
    "releaseDate": "2013/11/08",
    "updatedAt": "2018/03/04 10:35:00",
    "LogoUrl": "/images/sets/logo/xy0.webp",
    "backupLogoUrl": "https://res.cloudinary.com/danntir5h/image/upload/v1731746543/sets/xy0.png"
  },
  {
    "id": "xy1",
    "name": "XY",
    "series": "XY",
    "total": 146,
    "ptcgoCode": "XY",
    "releaseDate": "2014/02/05",
    "updatedAt": "2018/03/04 10:35:00",
    "LogoUrl": "/images/sets/logo/xy1.webp",
    "backupLogoUrl": "https://res.cloudinary.com/danntir5h/image/upload/v1731746544/sets/xy1.png"
  },
  {
    "id": "xy2",
    "name": "Flashfire",
    "series": "XY",
    "total": 110,
    "ptcgoCode": "FLF",
    "releaseDate": "2014/05/07",
    "updatedAt": "2018/03/04 10:35:00",
    "LogoUrl": "/images/sets/logo/xy2.webp",
    "backupLogoUrl": "https://res.cloudinary.com/danntir5h/image/upload/v1731746545/sets/xy2.png"
  },
  {
    "id": "xy3",
    "name": "Furious Fists",
    "series": "XY",
    "total": 114,
    "ptcgoCode": "FFI",
    "releaseDate": "2014/08/13",
    "updatedAt": "2018/03/04 10:35:00",
    "LogoUrl": "/images/sets/logo/xy3.webp",
    "backupLogoUrl": "https://res.cloudinary.com/danntir5h/image/upload/v1731746545/sets/xy3.png"
  },
  {
    "id": "xy4",
    "name": "Phantom Forces",
    "series": "XY",
    "total": 124,
    "ptcgoCode": "PHF",
    "releaseDate": "2014/11/05",
    "updatedAt": "2020/08/14 09:35:00",
    "LogoUrl": "/images/sets/logo/xy4.webp",
    "backupLogoUrl": "https://res.cloudinary.com/danntir5h/image/upload/v1731746546/sets/xy4.png"
  },
  {
    "id": "xy5",
    "name": "Primal Clash",
    "series": "XY",
    "total": 164,
    "ptcgoCode": "PRC",
    "releaseDate": "2015/02/04",
    "updatedAt": "2020/05/01 16:06:00",
    "LogoUrl": "/images/sets/logo/xy5.webp",
    "backupLogoUrl": "https://res.cloudinary.com/danntir5h/image/upload/v1731746546/sets/xy5.png"
  },
  {
    "id": "dc1",
    "name": "Double Crisis",
    "series": "XY",
    "total": 34,
    "ptcgoCode": "DCR",
    "releaseDate": "2015/03/25",
    "updatedAt": "2019/01/28 16:44:00",
    "LogoUrl": "/images/sets/logo/dc1.webp",
    "backupLogoUrl": "https://res.cloudinary.com/danntir5h/image/upload/v1731746547/sets/dc1.png"
  },
  {
    "id": "xy6",
    "name": "Roaring Skies",
    "series": "XY",
    "total": 112,
    "ptcgoCode": "ROS",
    "releaseDate": "2015/05/06",
    "updatedAt": "2020/08/14 09:35:00",
    "LogoUrl": "/images/sets/logo/xy6.webp",
    "backupLogoUrl": "https://res.cloudinary.com/danntir5h/image/upload/v1731746547/sets/xy6.png"
  },
  {
    "id": "xy7",
    "name": "Ancient Origins",
    "series": "XY",
    "total": 100,
    "ptcgoCode": "AOR",
    "releaseDate": "2015/08/12",
    "updatedAt": "2020/08/14 09:35:00",
    "LogoUrl": "/images/sets/logo/xy7.webp",
    "backupLogoUrl": "https://res.cloudinary.com/danntir5h/image/upload/v1731746548/sets/xy7.png"
  },
  {
    "id": "xy8",
    "name": "BREAKthrough",
    "series": "XY",
    "total": 165,
    "ptcgoCode": "BKT",
    "releaseDate": "2015/11/04",
    "updatedAt": "2019/04/10 19:59:00",
    "LogoUrl": "/images/sets/logo/xy8.webp",
    "backupLogoUrl": "https://res.cloudinary.com/danntir5h/image/upload/v1731746549/sets/xy8.png"
  },
  {
    "id": "xy9",
    "name": "BREAKpoint",
    "series": "XY",
    "total": 126,
    "ptcgoCode": "BKP",
    "releaseDate": "2016/02/03",
    "updatedAt": "2020/08/14 09:35:00",
    "LogoUrl": "/images/sets/logo/xy9.webp",
    "backupLogoUrl": "https://res.cloudinary.com/danntir5h/image/upload/v1731746549/sets/xy9.png"
  },
  {
    "id": "g1",
    "name": "Generations",
    "series": "XY",
    "total": 117,
    "ptcgoCode": "GEN",
    "releaseDate": "2016/02/22",
    "updatedAt": "2020/08/14 09:35:00",
    "LogoUrl": "/images/sets/logo/g1.webp",
    "backupLogoUrl": "https://res.cloudinary.com/danntir5h/image/upload/v1731746550/sets/g1.png"
  },
  {
    "id": "xy10",
    "name": "Fates Collide",
    "series": "XY",
    "total": 129,
    "ptcgoCode": "FCO",
    "releaseDate": "2016/05/02",
    "updatedAt": "2018/09/03 11:49:00",
    "LogoUrl": "/images/sets/logo/xy10.webp",
    "backupLogoUrl": "https://res.cloudinary.com/danntir5h/image/upload/v1731746550/sets/xy10.png"
  },
  {
    "id": "xy11",
    "name": "Steam Siege",
    "series": "XY",
    "total": 116,
    "ptcgoCode": "STS",
    "releaseDate": "2016/08/03",
    "updatedAt": "2019/04/10 19:59:00",
    "LogoUrl": "/images/sets/logo/xy11.webp",
    "backupLogoUrl": "https://res.cloudinary.com/danntir5h/image/upload/v1731746551/sets/xy11.png"
  },
  {
    "id": "mcd16",
    "name": "McDonald's Collection 2016",
    "series": "Other",
    "total": 12,
    "ptcgoCode": null,
    "releaseDate": "2016/08/19",
    "updatedAt": "2022/10/10 15:12:00",
    "LogoUrl": "/images/sets/logo/mcd16.webp",
    "backupLogoUrl": "https://res.cloudinary.com/danntir5h/image/upload/v1731746551/sets/mcd16.png"
  },
  {
    "id": "xy12",
    "name": "Evolutions",
    "series": "XY",
    "total": 113,
    "ptcgoCode": "EVO",
    "releaseDate": "2016/11/02",
    "updatedAt": "2020/09/25 10:09:00",
    "LogoUrl": "/images/sets/logo/xy12.webp",
    "backupLogoUrl": "https://res.cloudinary.com/danntir5h/image/upload/v1731746552/sets/xy12.png"
  },
  {
    "id": "sm1",
    "name": "Sun & Moon",
    "series": "Sun & Moon",
    "total": 173,
    "ptcgoCode": "SUM",
    "releaseDate": "2017/02/03",
    "updatedAt": "2019/04/10 19:59:00",
    "LogoUrl": "/images/sets/logo/sm1.webp",
    "backupLogoUrl": "https://res.cloudinary.com/danntir5h/image/upload/v1731746552/sets/sm1.png"
  },
  {
    "id": "smp",
    "name": "SM Black Star Promos",
    "series": "Sun & Moon",
    "total": 250,
    "ptcgoCode": "PR-SM",
    "releaseDate": "2017/02/03",
    "updatedAt": "2020/05/01 16:06:00",
    "LogoUrl": "/images/sets/logo/smp.webp",
    "backupLogoUrl": "https://res.cloudinary.com/danntir5h/image/upload/v1731746552/sets/smp.png"
  },
  {
    "id": "sm2",
    "name": "Guardians Rising",
    "series": "Sun & Moon",
    "total": 180,
    "ptcgoCode": "GRI",
    "releaseDate": "2017/05/05",
    "updatedAt": "2022/10/11 21:39:00",
    "LogoUrl": "/images/sets/logo/sm2.webp",
    "backupLogoUrl": "https://res.cloudinary.com/danntir5h/image/upload/v1731746553/sets/sm2.png"
  },
  {
    "id": "sm3",
    "name": "Burning Shadows",
    "series": "Sun & Moon",
    "total": 177,
    "ptcgoCode": "BUS",
    "releaseDate": "2017/08/05",
    "updatedAt": "2022/10/11 21:39:00",
    "LogoUrl": "/images/sets/logo/sm3.webp",
    "backupLogoUrl": "https://res.cloudinary.com/danntir5h/image/upload/v1731746554/sets/sm3.png"
  },
  {
    "id": "sm35",
    "name": "Shining Legends",
    "series": "Sun & Moon",
    "total": 81,
    "ptcgoCode": "SLG",
    "releaseDate": "2017/10/06",
    "updatedAt": "2022/10/11 21:39:00",
    "LogoUrl": "/images/sets/logo/sm35.webp",
    "backupLogoUrl": "https://res.cloudinary.com/danntir5h/image/upload/v1731746554/sets/sm35.png"
  },
  {
    "id": "sm4",
    "name": "Crimson Invasion",
    "series": "Sun & Moon",
    "total": 126,
    "ptcgoCode": "CIN",
    "releaseDate": "2017/11/03",
    "updatedAt": "2022/10/11 21:39:00",
    "LogoUrl": "/images/sets/logo/sm4.webp",
    "backupLogoUrl": "https://res.cloudinary.com/danntir5h/image/upload/v1731746555/sets/sm4.png"
  },
  {
    "id": "sm5",
    "name": "Ultra Prism",
    "series": "Sun & Moon",
    "total": 178,
    "ptcgoCode": "UPR",
    "releaseDate": "2018/02/02",
    "updatedAt": "2019/02/19 23:25:00",
    "LogoUrl": "/images/sets/logo/sm5.webp",
    "backupLogoUrl": "https://res.cloudinary.com/danntir5h/image/upload/v1731746555/sets/sm5.png"
  },
  {
    "id": "sm6",
    "name": "Forbidden Light",
    "series": "Sun & Moon",
    "total": 150,
    "ptcgoCode": "FLI",
    "releaseDate": "2018/05/04",
    "updatedAt": "2019/02/19 23:25:00",
    "LogoUrl": "/images/sets/logo/sm6.webp",
    "backupLogoUrl": "https://res.cloudinary.com/danntir5h/image/upload/v1731746556/sets/sm6.png"
  },
  {
    "id": "sm7",
    "name": "Celestial Storm",
    "series": "Sun & Moon",
    "total": 187,
    "ptcgoCode": "CES",
    "releaseDate": "2018/08/03",
    "updatedAt": "2022/10/11 21:39:00",
    "LogoUrl": "/images/sets/logo/sm7.webp",
    "backupLogoUrl": "https://res.cloudinary.com/danntir5h/image/upload/v1731746556/sets/sm7.png"
  },
  {
    "id": "sm75",
    "name": "Dragon Majesty",
    "series": "Sun & Moon",
    "total": 80,
    "ptcgoCode": "DRM",
    "releaseDate": "2018/09/07",
    "updatedAt": "2018/10/01 21:54:00",
    "LogoUrl": "/images/sets/logo/sm75.webp",
    "backupLogoUrl": "https://res.cloudinary.com/danntir5h/image/upload/v1731746557/sets/sm75.png"
  },
  {
    "id": "sm8",
    "name": "Lost Thunder",
    "series": "Sun & Moon",
    "total": 240,
    "ptcgoCode": "LOT",
    "releaseDate": "2018/11/02",
    "updatedAt": "2020/08/14 09:35:00",
    "LogoUrl": "/images/sets/logo/sm8.webp",
    "backupLogoUrl": "https://res.cloudinary.com/danntir5h/image/upload/v1731746558/sets/sm8.png"
  },
  {
    "id": "sm9",
    "name": "Team Up",
    "series": "Sun & Moon",
    "total": 198,
    "ptcgoCode": "TEU",
    "releaseDate": "2019/02/01",
    "updatedAt": "2021/09/01 05:37:00",
    "LogoUrl": "/images/sets/logo/sm9.webp",
    "backupLogoUrl": "https://res.cloudinary.com/danntir5h/image/upload/v1731746558/sets/sm9.png"
  },
  {
    "id": "det1",
    "name": "Detective Pikachu",
    "series": "Sun & Moon",
    "total": 18,
    "ptcgoCode": "DET",
    "releaseDate": "2019/04/05",
    "updatedAt": "2021/09/01 05:37:00",
    "LogoUrl": "/images/sets/logo/det1.webp",
    "backupLogoUrl": "https://res.cloudinary.com/danntir5h/image/upload/v1731746559/sets/det1.png"
  },
  {
    "id": "sm10",
    "name": "Unbroken Bonds",
    "series": "Sun & Moon",
    "total": 234,
    "ptcgoCode": "UNB",
    "releaseDate": "2019/05/03",
    "updatedAt": "2021/09/01 05:37:00",
    "LogoUrl": "/images/sets/logo/sm10.webp",
    "backupLogoUrl": "https://res.cloudinary.com/danntir5h/image/upload/v1731746559/sets/sm10.png"
  },
  {
    "id": "sm11",
    "name": "Unified Minds",
    "series": "Sun & Moon",
    "total": 260,
    "ptcgoCode": "UNM",
    "releaseDate": "2019/08/02",
    "updatedAt": "2021/09/01 05:37:00",
    "LogoUrl": "/images/sets/logo/sm11.webp",
    "backupLogoUrl": "https://res.cloudinary.com/danntir5h/image/upload/v1731746560/sets/sm11.png"
  },
  {
    "id": "sm115",
    "name": "Hidden Fates",
    "series": "Sun & Moon",
    "total": 69,
    "ptcgoCode": "HIF",
    "releaseDate": "2019/08/23",
    "updatedAt": "2021/09/01 05:37:00",
    "LogoUrl": "/images/sets/logo/sm115.webp",
    "backupLogoUrl": "https://res.cloudinary.com/danntir5h/image/upload/v1731746561/sets/sm115.png"
  },
  {
    "id": "sma",
    "name": "Hidden Fates Shiny Vault",
    "series": "Sun & Moon",
    "total": 94,
    "ptcgoCode": null,
    "releaseDate": "2019/08/23",
    "updatedAt": "2021/09/01 05:37:00",
    "LogoUrl": "/images/sets/logo/sma.webp",
    "backupLogoUrl": "https://res.cloudinary.com/danntir5h/image/upload/v1731746562/sets/sma.png"
  },
  {
    "id": "mcd19",
    "name": "McDonald's Collection 2019",
    "series": "Other",
    "total": 12,
    "ptcgoCode": null,
    "releaseDate": "2019/10/15",
    "updatedAt": "2022/10/10 15:12:00",
    "LogoUrl": "/images/sets/logo/mcd19.webp",
    "backupLogoUrl": "https://res.cloudinary.com/danntir5h/image/upload/v1731746562/sets/mcd19.png"
  },
  {
    "id": "sm12",
    "name": "Cosmic Eclipse",
    "series": "Sun & Moon",
    "total": 272,
    "ptcgoCode": "CEC",
    "releaseDate": "2019/11/01",
    "updatedAt": "2021/09/01 05:37:00",
    "LogoUrl": "/images/sets/logo/sm12.webp",
    "backupLogoUrl": "https://res.cloudinary.com/danntir5h/image/upload/v1731746563/sets/sm12.png"
  },
  {
    "id": "swshp",
    "name": "SWSH Black Star Promos",
    "series": "Sword & Shield",
    "total": 304,
    "ptcgoCode": "PR-SW",
    "releaseDate": "2019/11/15",
    "updatedAt": "2022/07/23 20:15:00",
    "LogoUrl": "/images/sets/logo/swshp.webp",
    "backupLogoUrl": "https://res.cloudinary.com/danntir5h/image/upload/v1731746563/sets/swshp.png"
  },
  {
    "id": "swsh1",
    "name": "Sword & Shield",
    "series": "Sword & Shield",
    "total": 216,
    "ptcgoCode": "SSH",
    "releaseDate": "2020/02/07",
    "updatedAt": "2020/08/14 09:35:00",
    "LogoUrl": "/images/sets/logo/swsh1.webp",
    "backupLogoUrl": "https://res.cloudinary.com/danntir5h/image/upload/v1731746564/sets/swsh1.png"
  },
  {
    "id": "swsh2",
    "name": "Rebel Clash",
    "series": "Sword & Shield",
    "total": 209,
    "ptcgoCode": "RCL",
    "releaseDate": "2020/05/01",
    "updatedAt": "2020/09/25 10:09:00",
    "LogoUrl": "/images/sets/logo/swsh2.webp",
    "backupLogoUrl": "https://res.cloudinary.com/danntir5h/image/upload/v1731746564/sets/swsh2.png"
  },
  {
    "id": "swsh3",
    "name": "Darkness Ablaze",
    "series": "Sword & Shield",
    "total": 201,
    "ptcgoCode": "DAA",
    "releaseDate": "2020/08/14",
    "updatedAt": "2020/10/25 13:45:00",
    "LogoUrl": "/images/sets/logo/swsh3.webp",
    "backupLogoUrl": "https://res.cloudinary.com/danntir5h/image/upload/v1731746565/sets/swsh3.png"
  },
  {
    "id": "swsh35",
    "name": "Champion's Path",
    "series": "Sword & Shield",
    "total": 80,
    "ptcgoCode": "CPA",
    "releaseDate": "2020/09/25",
    "updatedAt": "2020/10/25 13:45:00",
    "LogoUrl": "/images/sets/logo/swsh35.webp",
    "backupLogoUrl": "https://res.cloudinary.com/danntir5h/image/upload/v1731746565/sets/swsh35.png"
  },
  {
    "id": "swsh4",
    "name": "Vivid Voltage",
    "series": "Sword & Shield",
    "total": 203,
    "ptcgoCode": "VIV",
    "releaseDate": "2020/11/13",
    "updatedAt": "2020/11/13 16:20:00",
    "LogoUrl": "/images/sets/logo/swsh4.webp",
    "backupLogoUrl": "https://res.cloudinary.com/danntir5h/image/upload/v1731746566/sets/swsh4.png"
  },
  {
    "id": "swsh45",
    "name": "Shining Fates",
    "series": "Sword & Shield",
    "total": 73,
    "ptcgoCode": "SHF",
    "releaseDate": "2021/02/19",
    "updatedAt": "2021/02/24 16:17:00",
    "LogoUrl": "/images/sets/logo/swsh45.webp",
    "backupLogoUrl": "https://res.cloudinary.com/danntir5h/image/upload/v1731746566/sets/swsh45.png"
  },
  {
    "id": "swsh45sv",
    "name": "Shining Fates Shiny Vault",
    "series": "Sword & Shield",
    "total": 122,
    "ptcgoCode": "SHF",
    "releaseDate": "2021/02/19",
    "updatedAt": "2021/02/24 16:17:00",
    "LogoUrl": "/images/sets/logo/swsh45sv.webp",
    "backupLogoUrl": "https://res.cloudinary.com/danntir5h/image/upload/v1731746567/sets/swsh45sv.png"
  },
  {
    "id": "swsh5",
    "name": "Battle Styles",
    "series": "Sword & Shield",
    "total": 183,
    "ptcgoCode": "BST",
    "releaseDate": "2021/03/19",
    "updatedAt": "2021/03/19 15:12:00",
    "LogoUrl": "/images/sets/logo/swsh5.webp",
    "backupLogoUrl": "https://res.cloudinary.com/danntir5h/image/upload/v1731746567/sets/swsh5.png"
  },
  {
    "id": "swsh6",
    "name": "Chilling Reign",
    "series": "Sword & Shield",
    "total": 233,
    "ptcgoCode": "CRE",
    "releaseDate": "2021/06/18",
    "updatedAt": "2021/06/18 12:12:00",
    "LogoUrl": "/images/sets/logo/swsh6.webp",
    "backupLogoUrl": "https://res.cloudinary.com/danntir5h/image/upload/v1731746568/sets/swsh6.png"
  },
  {
    "id": "swsh7",
    "name": "Evolving Skies",
    "series": "Sword & Shield",
    "total": 237,
    "ptcgoCode": "EVS",
    "releaseDate": "2021/08/27",
    "updatedAt": "2021/08/27 10:17:00",
    "LogoUrl": "/images/sets/logo/swsh7.webp",
    "backupLogoUrl": "https://res.cloudinary.com/danntir5h/image/upload/v1731746568/sets/swsh7.png"
  },
  {
    "id": "cel25",
    "name": "Celebrations",
    "series": "Sword & Shield",
    "total": 25,
    "ptcgoCode": "CEL",
    "releaseDate": "2021/10/08",
    "updatedAt": "2022/10/11 21:39:00",
    "LogoUrl": "/images/sets/logo/cel25.webp",
    "backupLogoUrl": "https://res.cloudinary.com/danntir5h/image/upload/v1731746569/sets/cel25.png"
  },
  {
    "id": "cel25c",
    "name": "Celebrations: Classic Collection",
    "series": "Sword & Shield",
    "total": 25,
    "ptcgoCode": "CEL",
    "releaseDate": "2021/10/08",
    "updatedAt": "2022/10/11 21:39:00",
    "LogoUrl": "/images/sets/logo/cel25c.webp",
    "backupLogoUrl": "https://res.cloudinary.com/danntir5h/image/upload/v1731746569/sets/cel25c.png"
  },
  {
    "id": "mcd14",
    "name": "McDonald's Collection 2014",
    "series": "Other",
    "total": 12,
    "ptcgoCode": null,
    "releaseDate": "2014/05/23",
    "updatedAt": "2022/10/10 15:12:00",
    "LogoUrl": "/images/sets/logo/mcd14.webp",
    "backupLogoUrl": "https://res.cloudinary.com/danntir5h/image/upload/v1731746570/sets/mcd14.png"
  },
  {
    "id": "mcd15",
    "name": "McDonald's Collection 2015",
    "series": "Other",
    "total": 12,
    "ptcgoCode": null,
    "releaseDate": "2015/11/27",
    "updatedAt": "2022/10/10 15:12:00",
    "LogoUrl": "/images/sets/logo/mcd15.webp",
    "backupLogoUrl": "https://res.cloudinary.com/danntir5h/image/upload/v1731746570/sets/mcd15.png"
  },
  {
    "id": "mcd18",
    "name": "McDonald's Collection 2018",
    "series": "Other",
    "total": 12,
    "ptcgoCode": null,
    "releaseDate": "2018/10/16",
    "updatedAt": "2022/10/10 15:12:00",
    "LogoUrl": "/images/sets/logo/mcd18.webp",
    "backupLogoUrl": "https://res.cloudinary.com/danntir5h/image/upload/v1731746571/sets/mcd18.png"
  },
  {
    "id": "mcd17",
    "name": "McDonald's Collection 2017",
    "series": "Other",
    "total": 12,
    "ptcgoCode": null,
    "releaseDate": "2017/11/07",
    "updatedAt": "2022/10/10 15:12:00",
    "LogoUrl": "/images/sets/logo/mcd17.webp",
    "backupLogoUrl": "https://res.cloudinary.com/danntir5h/image/upload/v1731746571/sets/mcd17.png"
  },
  {
    "id": "mcd21",
    "name": "McDonald's Collection 2021",
    "series": "Other",
    "total": 25,
    "ptcgoCode": null,
    "releaseDate": "2021/02/09",
    "updatedAt": "2022/10/10 15:12:00",
    "LogoUrl": "/images/sets/logo/mcd21.webp",
    "backupLogoUrl": "https://res.cloudinary.com/danntir5h/image/upload/v1731746572/sets/mcd21.png"
  },
  {
    "id": "bp",
    "name": "Best of Game",
    "series": "Other",
    "total": 9,
    "ptcgoCode": "BP",
    "releaseDate": "2002/12/01",
    "updatedAt": "2021/10/16 09:52:00",
    "LogoUrl": "/images/sets/logo/bp.webp",
    "backupLogoUrl": "https://res.cloudinary.com/danntir5h/image/upload/v1731746573/sets/bp.png"
  },
  {
    "id": "swsh8",
    "name": "Fusion Strike",
    "series": "Sword & Shield",
    "total": 284,
    "ptcgoCode": "FST",
    "releaseDate": "2021/11/12",
    "updatedAt": "2021/11/12 07:32:00",
    "LogoUrl": "/images/sets/logo/swsh8.webp",
    "backupLogoUrl": "https://res.cloudinary.com/danntir5h/image/upload/v1731746573/sets/swsh8.png"
  },
  {
    "id": "fut20",
    "name": "Pokémon Futsal Collection",
    "series": "Other",
    "total": 5,
    "ptcgoCode": "FUT20",
    "releaseDate": "2020/09/11",
    "updatedAt": "2022/10/10 15:12:00",
    "LogoUrl": "/images/sets/logo/fut20.webp",
    "backupLogoUrl": "https://res.cloudinary.com/danntir5h/image/upload/v1731746574/sets/fut20.png"
  },
  {
    "id": "tk1a",
    "name": "EX Trainer Kit Latias",
    "series": "EX",
    "total": 10,
    "ptcgoCode": null,
    "releaseDate": "2004/06/01",
    "updatedAt": "2022/01/13 20:44:00",
    "LogoUrl": "/images/sets/logo/tk1a.webp",
    "backupLogoUrl": "https://res.cloudinary.com/danntir5h/image/upload/v1731746574/sets/tk1a.png"
  },
  {
    "id": "tk1b",
    "name": "EX Trainer Kit Latios",
    "series": "EX",
    "total": 10,
    "ptcgoCode": null,
    "releaseDate": "2004/06/01",
    "updatedAt": "2022/01/13 20:44:00",
    "LogoUrl": "/images/sets/logo/tk1b.webp",
    "backupLogoUrl": "https://res.cloudinary.com/danntir5h/image/upload/v1731746575/sets/tk1b.png"
  },
  {
    "id": "tk2a",
    "name": "EX Trainer Kit 2 Plusle",
    "series": "EX",
    "total": 12,
    "ptcgoCode": null,
    "releaseDate": "2006/03/01",
    "updatedAt": "2022/01/13 20:44:00",
    "LogoUrl": "/images/sets/logo/tk2a.webp",
    "backupLogoUrl": "https://res.cloudinary.com/danntir5h/image/upload/v1731746575/sets/tk2a.png"
  },
  {
    "id": "tk2b",
    "name": "EX Trainer Kit 2 Minun",
    "series": "EX",
    "total": 12,
    "ptcgoCode": null,
    "releaseDate": "2006/03/01",
    "updatedAt": "2022/01/13 20:44:00",
    "LogoUrl": "/images/sets/logo/tk2b.webp",
    "backupLogoUrl": "https://res.cloudinary.com/danntir5h/image/upload/v1731746576/sets/tk2b.png"
  },
  {
    "id": "swsh9",
    "name": "Brilliant Stars",
    "series": "Sword & Shield",
    "total": 186,
    "ptcgoCode": "BRS",
    "releaseDate": "2022/02/25",
    "updatedAt": "2022/02/23 09:45:00",
    "LogoUrl": "/images/sets/logo/swsh9.webp",
    "backupLogoUrl": "https://res.cloudinary.com/danntir5h/image/upload/v1731746576/sets/swsh9.png"
  },
  {
    "id": "swsh9tg",
    "name": "Brilliant Stars Trainer Gallery",
    "series": "Sword & Shield",
    "total": 30,
    "ptcgoCode": "BRS",
    "releaseDate": "2022/02/25",
    "updatedAt": "2022/02/23 09:45:00",
    "LogoUrl": "/images/sets/logo/swsh9tg.webp",
    "backupLogoUrl": "https://res.cloudinary.com/danntir5h/image/upload/v1731746577/sets/swsh9tg.png"
  },
  {
    "id": "swsh10",
    "name": "Astral Radiance",
    "series": "Sword & Shield",
    "total": 216,
    "ptcgoCode": "ASR",
    "releaseDate": "2022/05/27",
    "updatedAt": "2022/05/27 09:45:00",
    "LogoUrl": "/images/sets/logo/swsh10.webp",
    "backupLogoUrl": "https://res.cloudinary.com/danntir5h/image/upload/v1731746577/sets/swsh10.png"
  },
  {
    "id": "swsh10tg",
    "name": "Astral Radiance Trainer Gallery",
    "series": "Sword & Shield",
    "total": 30,
    "ptcgoCode": "ASR",
    "releaseDate": "2022/05/27",
    "updatedAt": "2022/05/27 09:45:00",
    "LogoUrl": "/images/sets/logo/swsh10tg.webp",
    "backupLogoUrl": "https://res.cloudinary.com/danntir5h/image/upload/v1731746578/sets/swsh10tg.png"
  },
  {
    "id": "pgo",
    "name": "Pokémon GO",
    "series": "Sword & Shield",
    "total": 88,
    "ptcgoCode": "PGO",
    "releaseDate": "2022/07/01",
    "updatedAt": "2022/07/06 17:07:00",
    "LogoUrl": "/images/sets/logo/pgo.webp",
    "backupLogoUrl": "https://res.cloudinary.com/danntir5h/image/upload/v1731746578/sets/pgo.png"
  },
  {
    "id": "swsh11",
    "name": "Lost Origin",
    "series": "Sword & Shield",
    "total": 217,
    "ptcgoCode": "LOR",
    "releaseDate": "2022/09/09",
    "updatedAt": "2022/09/09 13:45:00",
    "LogoUrl": "/images/sets/logo/swsh11.webp",
    "backupLogoUrl": "https://res.cloudinary.com/danntir5h/image/upload/v1731746579/sets/swsh11.png"
  },
  {
    "id": "swsh11tg",
    "name": "Lost Origin Trainer Gallery",
    "series": "Sword & Shield",
    "total": 30,
    "ptcgoCode": "LOR",
    "releaseDate": "2022/09/09",
    "updatedAt": "2022/09/09 13:45:00",
    "LogoUrl": "/images/sets/logo/swsh11tg.webp",
    "backupLogoUrl": "https://res.cloudinary.com/danntir5h/image/upload/v1731746579/sets/swsh11tg.png"
  },
  {
    "id": "swsh12",
    "name": "Silver Tempest",
    "series": "Sword & Shield",
    "total": 215,
    "ptcgoCode": "SIT",
    "releaseDate": "2022/11/11",
    "updatedAt": "2022/09/09 11:45:00",
    "LogoUrl": "/images/sets/logo/swsh12.webp",
    "backupLogoUrl": "https://res.cloudinary.com/danntir5h/image/upload/v1731746580/sets/swsh12.png"
  },
  {
    "id": "swsh12tg",
    "name": "Silver Tempest Trainer Gallery",
    "series": "Sword & Shield",
    "total": 30,
    "ptcgoCode": "SIT",
    "releaseDate": "2022/11/11",
    "updatedAt": "2022/11/11 11:45:00",
    "LogoUrl": "/images/sets/logo/swsh12tg.webp",
    "backupLogoUrl": "https://res.cloudinary.com/danntir5h/image/upload/v1731746580/sets/swsh12tg.png"
  },
  {
    "id": "mcd22",
    "name": "McDonald's Collection 2022",
    "series": "Other",
    "total": 15,
    "ptcgoCode": null,
    "releaseDate": "2022/08/03",
    "updatedAt": "2022/10/09 13:21:00",
    "LogoUrl": "/images/sets/logo/mcd22.webp",
    "backupLogoUrl": "https://res.cloudinary.com/danntir5h/image/upload/v1731746581/sets/mcd22.png"
  },
  {
    "id": "swsh12pt5",
    "name": "Crown Zenith",
    "series": "Sword & Shield",
    "total": 160,
    "ptcgoCode": "CRZ",
    "releaseDate": "2023/01/20",
    "updatedAt": "2023/01/19 15:45:00",
    "LogoUrl": "/images/sets/logo/swsh12pt5.webp",
    "backupLogoUrl": "https://res.cloudinary.com/danntir5h/image/upload/v1731746582/sets/swsh12pt5.png"
  },
  {
    "id": "swsh12pt5gg",
    "name": "Crown Zenith Galarian Gallery",
    "series": "Sword & Shield",
    "total": 70,
    "ptcgoCode": "CRZ",
    "releaseDate": "2023/01/20",
    "updatedAt": "2023/01/19 15:45:00",
    "LogoUrl": "/images/sets/logo/swsh12pt5gg.webp",
    "backupLogoUrl": "https://res.cloudinary.com/danntir5h/image/upload/v1731746582/sets/swsh12pt5gg.png"
  },
  {
    "id": "sv1",
    "name": "Scarlet & Violet",
    "series": "Scarlet & Violet",
    "total": 258,
    "ptcgoCode": "SVI",
    "releaseDate": "2023/03/31",
    "updatedAt": "2023/03/31 15:45:00",
    "LogoUrl": "/images/sets/logo/sv1.webp",
    "backupLogoUrl": "https://res.cloudinary.com/danntir5h/image/upload/v1731746582/sets/sv1.png"
  },
  {
    "id": "svp",
    "name": "Scarlet & Violet Black Star Promos",
    "series": "Scarlet & Violet",
    "total": 165,
    "ptcgoCode": "PR-SV",
    "releaseDate": "2023/01/01",
    "updatedAt": "2024/11/09 13:20:00",
    "LogoUrl": "/images/sets/logo/svp.webp",
    "backupLogoUrl": "https://res.cloudinary.com/danntir5h/image/upload/v1731739124/sets/svp.png"
  },
  {
    "id": "sv2",
    "name": "Paldea Evolved",
    "series": "Scarlet & Violet",
    "total": 279,
    "ptcgoCode": "PAL",
    "releaseDate": "2023/06/09",
    "updatedAt": "2023/06/09 15:00:00",
    "LogoUrl": "/images/sets/logo/sv2.webp",
    "backupLogoUrl": "https://res.cloudinary.com/danntir5h/image/upload/v1731746583/sets/sv2.png"
  },
  {
    "id": "sve",
    "name": "Scarlet & Violet Energies",
    "series": "Scarlet & Violet",
    "total": 16,
    "ptcgoCode": "SVE",
    "releaseDate": "2023/03/31",
    "updatedAt": "2024/09/19 19:45:00",
    "LogoUrl": "/images/sets/logo/sve.webp",
    "backupLogoUrl": "https://res.cloudinary.com/danntir5h/image/upload/v1731739124/sets/sve.png"
  },
  {
    "id": "sv3",
    "name": "Obsidian Flames",
    "series": "Scarlet & Violet",
    "total": 230,
    "ptcgoCode": "OBF",
    "releaseDate": "2023/08/11",
    "updatedAt": "2023/08/11 15:00:00",
    "LogoUrl": "/images/sets/logo/sv3.webp",
    "backupLogoUrl": "https://res.cloudinary.com/danntir5h/image/upload/v1731746584/sets/sv3.png"
  },
  {
    "id": "sv3pt5",
    "name": "151",
    "series": "Scarlet & Violet",
    "total": 207,
    "ptcgoCode": "MEW",
    "releaseDate": "2023/09/22",
    "updatedAt": "2023/09/22 15:00:00",
    "LogoUrl": "/images/sets/logo/sv3pt5.webp",
    "backupLogoUrl": "https://res.cloudinary.com/danntir5h/image/upload/v1731746584/sets/sv3pt5.png"
  },
  {
    "id": "sv4",
    "name": "Paradox Rift",
    "series": "Scarlet & Violet",
    "total": 266,
    "ptcgoCode": "PAR",
    "releaseDate": "2023/11/03",
    "updatedAt": "2023/11/03 15:00:00",
    "LogoUrl": "/images/sets/logo/sv4.webp",
    "backupLogoUrl": "https://res.cloudinary.com/danntir5h/image/upload/v1731746585/sets/sv4.png"
  },
  {
    "id": "sv4pt5",
    "name": "Paldean Fates",
    "series": "Scarlet & Violet",
    "total": 245,
    "ptcgoCode": "PAF",
    "releaseDate": "2024/01/26",
    "updatedAt": "2024/01/25 15:00:00",
    "LogoUrl": "/images/sets/logo/sv4pt5.webp",
    "backupLogoUrl": "https://res.cloudinary.com/danntir5h/image/upload/v1731739125/sets/sv4pt5.png"
  },
  {
    "id": "sv5",
    "name": "Temporal Forces",
    "series": "Scarlet & Violet",
    "total": 218,
    "ptcgoCode": "TEF",
    "releaseDate": "2024/03/22",
    "updatedAt": "2024/03/22 15:00:00",
    "LogoUrl": "/images/sets/logo/sv5.webp",
    "backupLogoUrl": "https://res.cloudinary.com/danntir5h/image/upload/v1731739125/sets/sv5.png"
  },
  {
    "id": "sv6",
    "name": "Twilight Masquerade",
    "series": "Scarlet & Violet",
    "total": 226,
    "ptcgoCode": "TWM",
    "releaseDate": "2024/05/24",
    "updatedAt": "2024/05/23 15:00:00",
    "LogoUrl": "/images/sets/logo/sv6.webp",
    "backupLogoUrl": "https://res.cloudinary.com/danntir5h/image/upload/v1731739126/sets/sv6.png"
  },
  {
    "id": "sv6pt5",
    "name": "Shrouded Fable",
    "series": "Scarlet & Violet",
    "total": 99,
    "ptcgoCode": "SFA",
    "releaseDate": "2024/08/02",
    "updatedAt": "2024/08/02 15:00:00",
    "LogoUrl": "/images/sets/logo/sv6pt5.webp",
    "backupLogoUrl": "https://res.cloudinary.com/danntir5h/image/upload/v1731739127/sets/sv6pt5.png"
  },
  {
    "id": "sv7",
    "name": "Stellar Crown",
    "series": "Scarlet & Violet",
    "total": 175,
    "ptcgoCode": "SCR",
    "releaseDate": "2024/09/13",
    "updatedAt": "2024/08/02 15:00:00",
    "LogoUrl": "/images/sets/logo/sv7.webp",
    "backupLogoUrl": "https://res.cloudinary.com/danntir5h/image/upload/v1731739128/sets/sv7.png"
  },
  {
    "id": "sv8",
    "name": "Surging Sparks",
    "series": "Scarlet & Violet",
    "total": 252,
    "ptcgoCode": "SSP",
    "releaseDate": "2024/11/08",
    "updatedAt": "2024/11/07 22:00:00",
    "LogoUrl": "/images/sets/logo/sv8.webp",
    "backupLogoUrl": "https://res.cloudinary.com/danntir5h/image/upload/v1731739128/sets/sv8.png"
  }
]